Date,Time,Agent_X_Type,Agent_O_Type,Winner,Num_Moves,Game_Duration_Seconds,Final_Board_State
2025-04-19,16:51:22,Medium,Random,X,41,1.65,XO OOXXOOXXX    OOOO   X O X  X OO OOX    O O   OX OO X  X  X O  XXXX   XXX      
2025-04-19,16:51:23,Learning,Medium,O,54,0.99,XOOXOXO XX  X O  XX XOXOOOO O XO  O OXO XOXXXOOXXOOXOXO XX XO  O  XXX X OOO      
2025-04-19,16:51:23,Easy,Easy,X,35,0.08,XOOOOO   XOXX  X  XOXOOO   XOXOX X  XXOXO X  XXX      OOO                        
2025-04-19,16:51:24,Easy,Easy,X,35,0.08,XOOOOO   XOXX  X  XOXOOO   XOXOX X  XXOXO X  XXX      OOO                        
2025-04-19,16:51:48,MCTS,Medium,X,45,24.37, XOOX  X OXO XO  OO X OOXXXXOOXO XXOXXXO      X  X OX  O  XX   OO OO O      XO X 
2025-04-19,16:54:50,Random,Random,X,59,0.0,XXO OO XO OX X OOOOX OO X XOOXOXX XXXOOXOOX XX  XXOXO XX OOOX  OXO XXO  OXX   OXO
2025-04-19,16:54:52,Medium,Easy,X,37,1.85,XOOOOXXXXXOXX  X  XOXOOX  XXOXOX   XOX X     OO       OO       O        OO       
2025-04-19,16:54:53,Easy,Medium,O,26,1.2,XOOOOO   XOXXO  O XOXOOO   XXO      XXX      X                 X                 
2025-04-19,16:55:44,Hard,Hard,X,53,51.19,XOOOOO   XOXXO  O XOXOOX XXXXOOXXXOOXXX      X OX OX     OOO   OOXXOOXX OX OX  X 
2025-04-19,16:55:45,Medium,Random,X,47,0.92,X OOXO  XOX OOOX  X X O O OXXOOXO X OOXX OOO  X  X  X   X X XO  X  X OXOXO X   O 
2025-04-19,16:56:21,Hard,Easy,X,37,35.25,XOOOOXXXXXOXX  X  XOXOOX  XXOXOX   XOX X     OO       OO       O        OO       
2025-04-19,16:56:22,Medium,Random,X,51,1.42,XO OO  O XXOO OXOOXOX XOOOXXXX O O    OXXOO OXXX     OOXOOXX   XXX      X OXX XO 
2025-04-19,16:57:03,MCTS,MCTS,X,41,41.09,OO   X OOXXX    OO   OOO X   X OX  XX OXX X   OOO XOO      X OOXX X  X O  XO X  X
2025-04-19,16:57:30,MCTS,Medium,O,52,26.98,XOXX  XX   OXXOXOOO X  X  XO OXO X O O XXX   O  OOX  OOOO      OXXXOXXOOXOO OXXOX
2025-04-19,16:57:30,Easy,Random,O,34,0.02,XOO OOO  X O O O OXXOX O OO     O   XX       XXX      XXX   O  XXX    O X      O 
2025-04-19,16:57:56,MCTS,Medium,X,47,25.73, X OX  X  O XXX X O O XOXXXOX XXO XXOOO       XOOXX XX   OXO  XOO O OO     OXOO O
2025-04-19,16:58:21,Random,MCTS,O,50,25.05, X    OOOXXO O O  O XXXXXO  XO XO   OOO  XOOXXX OXXOOXOOO X X XX X XOXX   O  O  O
2025-04-19,16:58:54,MCTS,Hard,X,39,32.61,X O X  XXXXO X   X OX  X  XO  XX X   O OOXXOXO  OOX O    OOO    O  XX   OOO      
2025-04-19,16:59:37,MCTS,MCTS,X,43,43.15,O XOX X  OO  X  XOXXX O O     OXX  XO  OO XXXX  X O   OXO X  X XXO  O OO O  O  OX
2025-04-19,16:59:39,Medium,Medium,X,51,2.14,XOOOOO   XOXXO  O XOXOOX  XXXOOXXXOOXXX      X OX OX     OOO   X  X  XO OOXOX XOX
2025-04-19,16:59:39,Random,Medium,O,44,0.61,XXOXOXXX OOO X X  X   X X XOXOXX  X OXO O XXXO  O     OOOO     OOO  X    X OOO   
2025-04-19,16:59:42,Medium,Medium,X,51,2.26,XOOOOO   XOXXO  O XOXOOX  XXXOOXXXOOXXX      X OX OX     OOO   X  X  XO OOXOX XOX
2025-04-19,17:00:01,Random,MCTS,O,38,19.06, X  X  X OX XX  X OOO     X O  X   O OX O  OO    X     OX O  O OOXXXO XX O  O XOX
2025-04-19,17:00:02,Easy,Medium,O,26,1.1,XOOOOO   XOXXO  O XOXOOO   XXO      XXX      X                 X                 
2025-04-19,17:00:02,Random,Random,Draw,73,0.0,OXXXXOOOXOXOOXXXOO OXOXOXOOOXXOOOXOXXXXXOOOXO  XOXOX XOO XOXOOXXXX O XX XOOXOXOOX
2025-04-19,17:00:13,Easy,MCTS,O,22,11.09,X  OOO   X O  O  OOXO  O  OX        XX  O    XXX                        XX       
2025-04-19,17:00:43,Easy,Hard,O,26,30.12,XOOOOO   XOXXO  O XOXOOO   XXO      XXX      X                 X                 
2025-04-19,17:00:55,Easy,MCTS,O,24,12.13,X O O O  XXOOOO   XXO O O  XO       XXX      X        XX  O                      
2025-04-19,17:01:12,MCTS,Random,X,33,17.06,  O X  X   OX   X   X  XO XOO  O   O  OX  X  X  XOOX   X   O XO O   OO     XXX  O
2025-04-19,17:01:14,Medium,Medium,X,51,2.09,XOOOOO   XOXXO  O XOXOOX  XXXOOXXXOOXXX      X OX OX     OOO   X  X  XO OOXOX XOX
2025-04-19,17:01:15,Medium,Random,X,35,1.01,XXXOO O  OOX O O    OX O  OX   OO  OOXOXXXO  OX  X    XXX                  XXX   
2025-04-19,17:01:50,Hard,Easy,X,37,34.24,XOOOOXXXXXOXX  X  XOXOOX  XXOXOX   XOX X     OO       OO       O        OO       
2025-04-19,17:01:58,Hard,Random,X,31,8.71,XX   OOOO OX  OOOOO OXX   O  O    O       O   X X     XXX      XXX      XXX      
2025-04-19,17:02:22,Medium,Hard,Draw,50,23.37,XOOOOO   XOXXO  O XOXOOX  XXXOOXXXOOXXX      X OX OX     OOO   X  X  X  OOXOOXXO 
2025-04-19,17:03:21,Hard,MCTS,O,42,58.94,X O  O OOOX OXOOO XXO  O  OO XXO   OOXX XX O XXX  O      OO  X XX XO    X  X  X  
2025-04-19,17:03:22,Easy,Medium,O,26,1.02,XOOOOO   XOXXO  O XOXOOO   XXO      XXX      X                 X                 
2025-04-19,17:03:41,MCTS,Random,X,37,19.12,OOX  X      O  XXXOOXX OO   X   X  OX   X   XXOXO  O   O  O  O   X  X OX XO  OX O
2025-04-19,17:04:02,Medium,MCTS,O,40,21.17,XX OOO   O   O XOO   OOO      XOXXOXXXX       XXOOOXO X  O XO O   XXX     X  XO  
2025-04-19,17:04:02,Easy,Random,X,39,0.03,X  OOOO OXOXX  X OXOO O O  XXX O O  XXX      XXX  O   XXXO              XOX OOO  
2025-04-19,17:04:02,Easy,Random,X,37,0.04,XOO  O  OXOXX OOOOXOOOXO  XOX    O  X   O O  XXX      XXX      X        XXX     O
2025-04-19,17:04:25,Medium,Hard,Draw,50,23.38,XOOOOO   XOXXO  O XOXOOX  XXXOOXXXOOXXX      X OX OX     OOO   X  X  X  OOXOOXXO 
2025-04-19,17:04:25,Random,Random,X,55,0.0,OX  X  XOO  O  OX XO  O O XO XXOXXOXO XOXOXOXXXXXOO  X X XXOO  O OOXX XX  OO OXOO
2025-04-19,17:04:48,Medium,Hard,Draw,50,22.87,XOOOOO   XOXXO  O XOXOOX  XXXOOXXXOOXXX      X OX OX     OOO   X  X  X  OOXOOXXO 
2025-04-19,17:04:48,Random,Easy,Draw,57,0.03,OXX   XXXOOXXXX XXOOOX    XXOOOOOX XOOXOX XXXOOXOX XX OOO      OOO      XOOOOXXXO
2025-04-19,17:05:34,MCTS,Hard,O,36,45.84,OOO X X  X  O X XXXXXX     X OXO O  XO OX   X O  O    OOO  X  X O       X O O O  
2025-04-19,17:05:34,Random,Random,Draw,72,0.0,XOXOOXXXOOXOXXOXOXXOOOXO OXOOXXXOOXXXOOXOXOXXX  XOOXXX OXOXXOXXOXXOOO   OXOOO OO 
2025-04-19,17:06:29,Hard,MCTS,O,46,55.29,XOX O  O X  OOO   OXXXOOOOX  XOXOOO  O XX OOOXXX      O  XX X XXXX         XX OOO
2025-04-19,17:06:51,MCTS,Medium,X,39,21.48,O  XXX   O XO XO  OX XX  X OOOX     XO XO X    O O O  X OX  XXOX O   OOO X     X 
2025-04-19,17:07:11,Medium,MCTS,X,37,20.15,XO  O  O   XXOXOOX  O O O    OO X OOXXX         XOO O XXX      X  XXXOX   OX     
2025-04-19,17:07:23,MCTS,Easy,X,23,12.13,X  X XX  OX  X  X X   X   XO    X   OO       OOO      OO    X  O        O        
2025-04-19,17:07:23,Easy,Easy,X,35,0.07,XOOOOO   XOXX  X  XOXOOO   XOXOX X  XXOXO X  XXX      OOO                        
2025-04-19,17:08:35,MCTS,Hard,X,45,71.91,XO X  X  X  XOXX  XOX O XO OOO        XXOX  XOOO      OOO      XOOXX XOOXOXXOXOX 
2025-04-19,17:08:51,Random,MCTS,O,32,16.03,  X   OOO  O  O  OX  OOO    X       XX  X  OOX X  O  XO X O    O    XXX  X  X XO 
2025-04-19,17:08:51,Easy,Random,X,43,0.04,X O  OO OOX  OO OOXXX O    XX OO  OOXXXO     XXOX  O  XXX   O OXX   O   XXOX  X  
2025-04-19,17:08:53,Medium,Random,X,43,1.2,XXXO O   O O X OO  X O OOOOX X O  OOO OX O  O X  XXO O  XXXX   XXX      O XXXX   
2025-04-19,17:09:25,Random,Hard,O,34,32.04,OX    XXXOOO X X XXX  XOX  X  XO   XXO O    X       X OOO      O  O  O  OOO      
2025-04-19,17:09:26,Medium,Easy,X,37,1.76,XOOOOXXXXXOXX  X  XOXOOX  XXOXOX   XOX X     OO       OO       O        OO       
2025-04-19,17:09:57,MCTS,Hard,X,41,30.32,OX  X  X  OX  X  X  OXXX     XOOXO X XO XXOX  O OO  O    XO XO OX XO  OXOOO      
2025-04-19,17:10:10,MCTS,Easy,X,25,13.09,X XX XXX X   X   XO X X X  O        OO   X   OOO      OOO      O        O        
2025-04-19,17:10:33,Medium,Hard,Draw,50,23.33,XOOOOO   XOXXO  O XOXOOX  XXXOOXXXOOXXX      X OX OX     OOO   X  X  X  OOXOOXXO 
2025-04-19,17:10:48,Random,Hard,O,42,14.94,XO XO  OX  X  XX XXOOO XXXXO XXO   OOOX X X XOOO      OOO        O XX   OOO     X
2025-04-19,17:11:10,MCTS,Random,X,43,22.08,XXX O  X   OOOO X  X  O X O   O  XXXOX  X  XO  X O O XX   OXXOO O   OOOO X XX OX 
2025-04-19,17:11:43,Hard,Easy,X,37,33.0,XOOOOXXXXXOXX  X  XOXOOX  XXOXOX   XOX X     OO       OO       O        OO       
2025-04-19,17:12:09,Medium,MCTS,O,48,25.91,X  X  OOOX OOXO OX XO O O  XXOOXOXOX OXXOO O   XXX X  OXXOOOX  XXX       OOX     
2025-04-19,17:12:56,Hard,Hard,X,53,47.15,XOOOOO   XOXXO  O XOXOOX XXXXOOXXXOOXXX      X OX OX     OOO   OOXXOOXX OX OX  X 
2025-04-19,17:12:58,Medium,Medium,X,51,2.23,XOOOOO   XOXXO  O XOXOOX  XXXOOXXXOOXXX      X OX OX     OOO   X  X  XO OOXOX XOX
2025-04-19,17:12:59,Random,Medium,O,44,0.7,XOX OXX  OXX  XXX O XOOXXXO     X XX  X X XOXOOO      OOO       OOOO   X  OOOO X 
2025-04-19,17:13:46,Hard,Hard,X,53,46.86,XOOOOO   XOXXO  O XOXOOX XXXXOOXXXOOXXX      X OX OX     OOO   OOXXOOXX OX OX  X 
2025-04-19,17:13:48,Medium,Medium,X,51,2.21,XOOOOO   XOXXO  O XOXOOX  XXXOOXXXOOXXX      X OX OX     OOO   X  X  XO OOXOX XOX
2025-04-19,17:14:31,MCTS,MCTS,X,43,43.09,   X  OOO XO OO  O      XX   XOXOX  OX  XO XOXX X  X   XO O OOXXO  XO  XX  OO XOX
2025-04-19,17:14:55,Hard,Medium,X,51,24.08,XOOOOO   XOXXO  O XOXOOXOXXXXOO XXOOXXX      X OX OX     OOO   O  X  XXOX  XXXOO 
2025-04-19,17:15:06,Easy,MCTS,O,22,11.13,XO  O  O XXO  O  OX O O O      O    XXX      X        OX       X        X        
2025-04-19,17:15:08,Medium,Easy,X,37,1.75,XOOOOXXXXXOXX  X  XOXOOX  XXOXOX   XOX X     OO       OO       O        OO       
2025-04-19,17:15:19,MCTS,Easy,X,21,11.16,X   X   XOOX X X  O  X  XXXO        O                 OXO      O        OO       
2025-04-19,17:15:20,Easy,Medium,O,26,1.07,XOOOOO   XOXXO  O XOXOOO   XXO      XXX      X                 X                 
2025-04-19,17:15:40,MCTS,Random,X,37,19.12, X  X OX    OO X  X X X X O      XOXO OXXXOO       OO X   X O X  O OXOX OOO    X 
2025-04-19,17:15:40,Random,Random,O,66,0.0,OX OOOXOXOOX XOXOOOXOXXOX OXXOXOO OOXOXOXOO O XXOX  XXX O  O  OXOXXX  XOXXOXOXXOX
2025-04-19,17:16:25,MCTS,MCTS,X,45,45.12,XXO       OOX XOO   XO X OXOX X  OOO X OX  XO      OOOXXXXO   OOOOX  XX   O  XXXX
2025-04-19,17:17:13,Hard,Hard,X,53,48.7,XOOOOO   XOXXO  O XOXOOX XXXXOOXXXOOXXX      X OX OX     OOO   OOXXOOXX OX OX  X 
2025-04-19,17:17:16,Medium,Medium,X,51,2.26,XOOOOO   XOXXO  O XOXOOX  XXXOOXXXOOXXX      X OX OX     OOO   X  X  XO OOXOX XOX
2025-04-19,17:17:39,Medium,Hard,Draw,50,23.77,XOOOOO   XOXXO  O XOXOOX  XXXOOXXXOOXXX      X OX OX     OOO   X  X  X  OOXOOXXO 
2025-04-19,17:17:39,Easy,Random,X,37,0.03,XOO OO  OXXOOO OO XXX  OO  XX    O  XXXO   O XX  O    XXX      XOX      X     O  
2025-04-19,17:17:52,MCTS,Easy,X,23,12.09, XX  X  XO  XXX X O X X X  O        OO       OOO  X   O        O        O        
2025-04-19,17:17:53,Medium,Easy,X,37,1.75,XOOOOXXXXXOXX  X  XOXOOX  XXOXOX   XOX X     OO       OO       O        OO       
2025-04-19,17:23:45,MCTS,Random,X,23,12.06,  X O               X XOX O   O X     O  OX  X OX OX    O  O  O            XXX   
2025-04-19,17:23:46,Easy,Medium,O,26,1.16,XOOOOO   XOXXO  O XOXOOO   XXO      XXX      X                 X                 
2025-04-19,17:24:06,Random,MCTS,O,40,20.04, XX  X O OXX O   O O  O  O OX XX   XO  OXXO    XOOO X X  O  X   OXO   XX    XXOOO
2025-04-19,17:24:56,Hard,Hard,X,53,49.29,XOOOOO   XOXXO  O XOXOOX XXXXOOXXXOOXXX      X OX OX     OOO   OOXXOOXX OX OX  X 
2025-04-19,17:25:14,Random,MCTS,O,36,18.05,  OX   XX X XO   O XXX    OOO  OO O O  XOXX O  OX O  O  O     O O  X X  X  XXX   
2025-04-19,17:25:15,Random,Medium,O,38,0.82, X  X XX O  OOOXX      XXXXO  XOX  XOX    X XOXOXO    OOO      OOO      OOO  X   
2025-04-19,17:25:17,Medium,Medium,X,51,2.29,XOOOOO   XOXXO  O XOXOOX  XXXOOXXXOOXXX      X OX OX     OOO   X  X  XO OOXOX XOX
2025-04-19,17:25:46,Easy,Hard,O,26,28.88,XOOOOO   XOXXO  O XOXOOO   XXO      XXX      X                 X                 
2025-04-19,17:26:09,Hard,Medium,X,51,23.08,XOOOOO   XOXXO  O XOXOOXOXXXXOO XXOOXXX      X OX OX     OOO   O  X  XXOX  XXXOO 
2025-04-19,17:26:38,Easy,Hard,O,26,29.3,XOOOOO   XOXXO  O XOXOOO   XXO      XXX      X                 X                 
2025-04-19,17:27:00,Medium,MCTS,O,40,21.56,XO  O  O XOX O  O O X O O O   O X OOXXX         X O OO X     OO X XOXXXOX  X XXX 
2025-04-19,17:27:11,Easy,MCTS,O,22,11.14,XO  O  O XOX O  O XXO  O  O        OXX                         XX       XXO      
2025-04-19,17:27:11,Random,Easy,O,32,0.02,  XXX X XOXX   XXXOOO      O   X X  OOO   X         X OOO      OOXO     OO     X 
2025-04-19,17:27:22,Easy,MCTS,O,22,11.09,X  OOO   X OOO O  O  O  O  XXX      XX       X        XXX            O           
2025-04-19,17:27:37,MCTS,Easy,X,29,15.17,  X   XXXOO XXX   O     XXXOO       XO       OO       OO       OOO  X   OX X   X 
2025-04-19,17:27:37,Random,Random,X,69,0.0,X  X  X  OOO XXXOXXXXOOX  OXXOOXXXOOXOXOOXOXXOOXXOOOOXOXXOXOXOOXOOXOO XXOX OOXOX 
2025-04-19,17:27:39,Medium,Medium,X,51,2.1,XOOOOO   XOXXO  O XOXOOX  XXXOOXXXOOXXX      X OX OX     OOO   X  X  XO OOXOX XOX
2025-04-19,17:27:39,Random,Easy,O,38,0.03,X XX  X  OXX X  XXOOO     XOOOXX    OOXOX O  O    X  XOOO      O     X  OOOX  X  
2025-04-19,17:28:02,Medium,Hard,Draw,50,22.85,XOOOOO   XOXXO  O XOXOOX  XXXOOXXXOOXXX      X OX OX     OOO   X  X  X  OOXOOXXO 
2025-04-19,17:28:26,Medium,Hard,Draw,50,23.43,XOOOOO   XOXXO  O XOXOOX  XXXOOXXXOOXXX      X OX OX     OOO   X  X  X  OOXOOXXO 
2025-04-19,17:28:26,Random,Easy,O,30,0.02, XX X X XO     XXXOO X X   OX     X O X    XXO        OOO      OOO      OOO      
2025-04-19,17:28:36,MCTS,Easy,X,19,10.09,XO X  X  O     XXX XX X X  O        O                 OOO      O        O        
2025-04-19,17:28:56,Random,MCTS,O,40,20.07, X   OX X XO O O   XO X  XXX X   OOOO  OX O   O  XXOOO X XXX   O   O  X O OX O  X
2025-04-19,17:29:18,MCTS,Medium,X,43,22.7,      XXXO  XXX    X  X XX   OOXXXXXOOOXX    O  O XOXOO  OOX  X O OOO    O O OO X
2025-04-19,17:29:28,Easy,MCTS,O,20,10.04,XO  O OO X O O O  X O O O           XXX               XXX      X                 
2025-04-19,17:29:29,Random,Medium,O,40,0.53,   XXO  X   XXX   OOO X  XXOOX O X XXOXOOXXXXOOOX       XOO       OO      O O O  
2025-04-19,17:29:48,Random,MCTS,O,38,19.06, O  XX      XX XOX O   XX OOOO      X O  O  O   X  OOOO  X OO X X X  XO   XXOX XO
2025-04-19,17:30:07,Random,MCTS,O,38,19.05,OOX  XX XXO   X  X   OOO   X XX OX  OXX O     O OOXXO O  O X O     X   XO XO  O  
2025-04-19,17:30:57,Hard,Hard,X,53,49.74,XOOOOO   XOXXO  O XOXOOX XXXXOOXXXOOXXX      X OX OX     OOO   OOXXOOXX OX OX  X 
2025-04-19,17:31:16,Medium,MCTS,O,36,18.9,XX OOO O   OXO O   OX O  O X  OXXOXXXXXOO       OXO    XX       X X X O    O     
2025-04-19,17:38:54,MCTS,Medium,O,40,21.01,XOX  X  X   XXX X OOO X XOXOOO      O  XOXX X O  O  O    XO OXXXX  O O  OOO      
2025-04-19,17:39:37,MCTS,Hard,X,43,42.92,  X  X  XO     XXXO XOXXX  O  XOX OOX  XO XXO  O O O  OOO X    OXOXO  O XO    XXO
2025-04-19,17:39:55,MCTS,Random,X,35,18.06,   XXX   XO X  X  O  XO  X  O  OXXO   X X X     OOOX    OOO O O  XO X OX O    X  
2025-04-19,17:39:56,Easy,Medium,O,26,1.01,XOOOOO   XOXXO  O XOXOOO   XXO      XXX      X                 X                 
2025-04-19,17:40:26,Easy,Hard,O,26,29.59,XOOOOO   XOXXO  O XOXOOO   XXO      XXX      X                 X                 
2025-04-19,17:40:26,Random,Easy,O,40,0.02,XOO XXX XXOX X X XOX X X XXOOOX  X  OOO  X   OOO      OOO      O  X    XOOO      
2025-04-19,17:40:49,Hard,Medium,X,51,23.85,XOOOOO   XOXXO  O XOXOOXOXXXXOO XXOOXXX      X OX OX     OOO   O  X  XXOX  XXXOO 
2025-04-19,17:41:22,Hard,Easy,X,37,32.56,XOOOOXXXXXOXX  X  XOXOOX  XXOXOX   XOX X     OO       OO       O        OO       
2025-04-19,17:41:34,MCTS,Easy,X,23,12.08,   XXX  XX  XX X     XXX   OOO      OOO    X OO       O        O        O        
2025-04-19,17:41:57,Medium,Hard,Draw,50,23.09,XOOOOO   XOXXO  O XOXOOX  XXXOOXXXOOXXX      X OX OX     OOO   X  X  X  OOXOOXXO 
2025-04-19,17:42:07,Random,Hard,O,48,10.08,OXOOXXXOXXOXXXOOX XXXOX   XO  X O XXOOO       XOO XX  OOO X   XOOO    X OOO      
2025-04-19,17:42:07,Random,Easy,O,30,0.02,    XXXXX  X  X  XOOX   X XX    X   O    X   OOO      OOO      OOO      OOO    X 
2025-04-19,17:42:40,Hard,Easy,X,37,32.69,XOOOOXXXXXOXX  X  XOXOOX  XXOXOX   XOX X     OO       OO       O        OO       
2025-04-19,17:43:08,Easy,Hard,O,26,28.16,XOOOOO   XOXXO  O XOXOOO   XXO      XXX      X                 X                 
2025-04-19,17:43:08,Random,Easy,O,42,0.03,XOXOX   XX   XX  XOOXXO  OXOXOOX X  OOO      OOO X X  OXO    XXO    X  XOOO      
2025-04-19,17:43:57,MCTS,MCTS,X,49,49.11,XXX  OX OOOXOX XOOOOO  O    X XX OX O X OX OX X OXX X OOOO  XX  X OOO XOXXX      
2025-04-19,17:43:57,Random,Easy,X,33,0.03,XO X  XX OX XXXX  X X  X XXOOOX     O      X OOO      OOO      OOO      O     X  
2025-04-19,17:44:32,Hard,Easy,X,37,34.32,XOOOOXXXXXOXX  X  XOXOOX  XXOXOX   XOX X     OO       OO       O        OO       
2025-04-19,17:44:33,Easy,Medium,O,26,1.01,XOOOOO   XOXXO  O XOXOOO   XXO      XXX      X                 X                 
2025-04-19,17:44:55,Medium,Hard,Draw,50,22.87,XOOOOO   XOXXO  O XOXOOX  XXXOOXXXOOXXX      X OX OX     OOO   X  X  X  OOXOOXXO 
2025-04-19,17:45:22,MCTS,Medium,X,49,26.06,OXOOXXO  OOX  XXOXX   X   XXO XO  XXXO OXXXOXOOO      OO    XXX X OOX OX  OOO O  
2025-04-19,17:46:05,MCTS,Hard,X,45,43.8,XXXO X   O X OX  OOO XXX   X  OX  OXO O    XXOOO     X      XXXO X O OXOO OXXOOOX
2025-04-19,17:46:06,Medium,Random,X,33,0.77,XXXO OO O O  OXO OO  OO  OOXXX   O  X XO      X    O  XXX        X       X XX    
2025-04-19,17:46:08,Medium,Easy,X,37,1.72,XOOOOXXXXXOXX  X  XOXOOX  XXOXOX   XOX X     OO       OO       O        OO       
2025-04-19,17:46:25,Easy,MCTS,O,34,17.14,X     OOOXOXXOO OOX O O O  O      O X     O  XXX      XXO  O  OXXX      XXX      
2025-04-19,17:46:27,Medium,Medium,X,51,2.16,XOOOOO   XOXXO  O XOXOOX  XXXOOXXXOOXXX      X OX OX     OOO   X  X  XO OOXOX XOX
2025-04-19,17:47:00,MCTS,MCTS,X,33,33.1,  O XO       O  O O XOX O    XO XO  XX    OOO  OX  O    X X XO  XO X  X X  X  X  
2025-04-19,17:47:23,Hard,Medium,X,51,23.06,XOOOOO   XOXXO  O XOXOOXOXXXXOO XXOOXXX      X OX OX     OOO   O  X  XXOX  XXXOO 
2025-04-19,17:47:25,Medium,Easy,X,37,1.6,XOOOOXXXXXOXX  X  XOXOOX  XXOXOX   XOX X     OO       OO       O        OO       
2025-04-19,17:47:42,Random,Hard,O,36,17.03, OXOOO XXX OX   X XO X   X XXOOXX X O  O  OX    OX            XOOO X    O  O  O  
2025-04-19,17:48:39,Hard,Random,X,49,56.64,X  XOOX OOX OXO X X XOXOOOXO XXOOOX OOXXOOX  XXX         XXOOX  XO XO O X  O     
2025-04-19,17:49:02,Hard,Medium,X,51,23.3,XOOOOO   XOXXO  O XOXOOXOXXXXOO XXOOXXX      X OX OX     OOO   O  X  XXOX  XXXOO 
2025-04-19,17:49:24,Medium,Hard,Draw,50,22.6,XOOOOO   XOXXO  O XOXOOX  XXXOOXXXOOXXX      X OX OX     OOO   X  X  X  OOXOOXXO 
2025-04-19,17:49:26,Medium,Random,X,51,1.29,X XOXOXOOO X XOXOOO OX O  OX O XOO  XOO OOOO XXX      OXXXOXOOXXXX        XXX X  
2025-04-19,17:50:06,MCTS,MCTS,O,40,40.14,   XX OOO XO  O  O  X  XOOO   OO   XXXO X  X  OX XO X  X  OO X  O  O XO X  XOXX  
2025-04-19,17:50:16,Easy,MCTS,O,20,10.06,X  OOO   O   O   OO   O   OX        XXX  O   XXX                        XX       
2025-04-19,17:50:33,MCTS,Easy,X,33,17.14,XO X  X  OOXX XX XOOXXX X  OOO       X  XX X OOO      OOO      O        XO       
2025-04-19,17:50:34,Random,Medium,O,40,0.65,XOXOXX   XXXO  XOXOOOX X  X XOXOXO  OXXO  O  OOO      OOX   X      X     OO      
2025-04-19,17:50:54,Medium,MCTS,O,38,20.33,X O O O   OX O  O XXO O O O   XOO OOXXX         O X O X  X   O X  X XXOX X X   XO
2025-04-19,17:50:56,Medium,Easy,X,37,1.59,XOOOOXXXXXOXX  X  XOXOOX  XXOXOX   XOX X     OO       OO       O        OO       
2025-04-19,17:51:10,Easy,MCTS,O,28,14.13,X O  O  OX O O OO XOX OOOO          XX  O    XXX      XX   O   XX       X        
2025-04-19,17:51:28,MCTS,Random,X,35,18.07,X O O OO OX X  OO   X XOXOO  O      XOO      X     OOX O XXX   XXX      XXX    O 
2025-04-19,17:52:11,MCTS,MCTS,X,43,43.08, X OX  X X XOX  O OO  O  X  X  XX XXOOO O  XXO  O  O    XOXXX  XO OXXOOX      OOO
2025-04-19,17:52:11,Easy,Random,X,39,0.04,X  OOO   OXOX OOOOXXOX  X  XXX  O  OX O      XXX      XXOO     X  O O  OXXX   O  
2025-04-19,17:52:44,MCTS,Hard,X,47,32.75,XOOX   XXXOOX  XO OXXOOXX XOOXXOX O   XX X  X  O O O  O     XXXOXO   OX   OOO O  
2025-04-19,17:52:45,Easy,Medium,O,26,1.05,XOOOOO   XOXXO  O XOXOOO   XXO      XXX      X                 X                 
2025-04-19,17:52:46,Random,Medium,O,44,0.92,XOX X X OOX  OXXXOO    OXX  O  X X  OOXXOX XOXX OOO     OOOO   OOO    X X   XX   
2025-04-19,17:53:09,MCTS,Random,X,45,23.08,  X XO   OO XXX X  O XXXXO  OOOO OXOXOO XO  X XXXO  O  X  X OX   OXOOOX   OX     
2025-04-19,17:53:53,Hard,Hard,X,53,44.52,XOOOOO   XOXXO  O XOXOOX XXXXOOXXXOOXXX      X OX OX     OOO   OOXXOOXX OX OX  X 
2025-04-19,17:53:54,Random,Medium,O,40,0.8, X  X  X  OX  X XX  OOX   X  XXOO  XOXOXOXX XOO     XX O  O XO OO O  O     OOO   
2025-04-19,17:59:20,Hard,Random,X,39,26.28,XO X OXOOXXX O OO   OXXXOO  OOXO  O   XOX XO X O        XXO  O XXX       X       
2025-04-19,17:59:42,MCTS,Medium,O,42,21.67, XO X  X X OX  X  XOX XXO OOOO  XXX OO O XO XO  O XO   XOOX  X O   O   O  X XO   
2025-04-19,17:59:53,MCTS,Easy,X,21,11.1,  X  X  X    X XXXO X X X           OO       OO       OO   X   O        OO       
2025-04-19,18:00:37,Hard,Hard,X,53,44.48,XOOOOO   XOXXO  O XOXOOX XXXXOOXXXOOXXX      X OX OX     OOO   OOXXOOXX OX OX  X 
2025-04-19,18:00:57,Medium,MCTS,O,38,19.89,XOO OO O XOOX     XXXO  O  XXXO O     O OXO  X   X OOX   XXX   X   X   X   OOO   
2025-04-19,18:01:28,MCTS,Hard,X,43,31.13,O OXXXO X  X  X XX O XXX   X OX  XOX O OO  OXOOO       XXOX OO  O O  XXXO  O  O  
2025-04-19,18:01:43,Hard,Random,Draw,61,14.79,XXO XOOOOO X OOXXXXOXXOOOXOXOXOOXOXOO XXXOX OXXX      XXXXO  OOXOOOO OXO  X X X  
2025-04-19,18:02:30,Hard,Hard,X,53,46.48,XOOOOO   XOXXO  O XOXOOX XXXXOOXXXOOXXX      X OX OX     OOO   OOXXOOXX OX OX  X 
2025-04-19,18:02:53,Random,MCTS,O,46,23.06,   OO  XX    OO      OOXXX    XXXXO O  OXXO   XXOXOXOXOX O OO X  OXXOX OX O  O XO
2025-04-19,18:03:19,Easy,Hard,O,26,26.79,XOOOOO   XOXXO  O XOXOOO   XXO      XXX      X                 X                 
2025-04-19,18:03:31,Easy,MCTS,O,22,11.12,X     OOOXO  O  O   O O O           XXX O             XX       XXX O    X        
2025-04-19,18:03:56,MCTS,Hard,X,35,25.74,  XO X XX      XXX  X  XX XO  XO XO    XOXX  OOO        OOO  O OO XX    OOO      
2025-04-19,18:04:18,MCTS,Medium,O,40,21.8,XO OX   XX XOOOX  O XOX X  XX X OOXOOOO X      X X     XOOX  X   O O O   O    O X
2025-04-19,18:04:40,Hard,Medium,X,51,22.0,XOOOOO   XOXXO  O XOXOOXOXXXXOO XXOOXXX      X OX OX     OOO   O  X  XXOX  XXXOO 
2025-04-19,18:05:27,Hard,Hard,X,53,47.32,XOOOOO   XOXXO  O XOXOOX XXXXOOXXXOOXXX      X OX OX     OOO   OOXXOOXX OX OX  X 
2025-04-19,18:05:29,Random,Medium,O,48,1.36,XO X  X  XXOXOXXOO  XOOO XXOOXOXOXXX XXOOOX X XX O    OOO      XO O      OOOX    
2025-04-19,18:05:40,MCTS,Easy,X,21,11.1,XO  XX  X  X X X  O X X X           OOO    X O        OO       O        O        
2025-04-19,18:06:24,MCTS,Hard,X,49,43.7,OX  X  X OOO X  XX X  X  X X O XXOOXOOO      OO X OXOOX XX OXO XOXO XOXOO O  X OX
2025-04-19,18:07:09,Hard,MCTS,O,48,45.18,X     OOOOXOOXXXOO   OOO   XXOOXXOOOXXOXOOX    XXXOX O  OX O  OXXX      XXX      
2025-04-19,18:07:22,MCTS,Easy,X,25,13.13,XOXX  X     XXX X O  XXX   OOO      OO       OO     X O        OO          X     
2025-04-19,18:07:51,Easy,Hard,O,26,28.73,XOOOOO   XOXXO  O XOXOOO   XXO      XXX      X                 X                 
2025-04-19,18:08:14,Hard,Medium,X,51,23.36,XOOOOO   XOXXO  O XOXOOXOXXXXOO XXOOXXX      X OX OX     OOO   O  X  XXOX  XXXOO 
2025-04-19,18:08:16,Medium,Random,X,27,1.98,XOX O  O XO XO X  OO  O        O   OXXX                     OOOXXX      X  X  X  
2025-04-19,18:08:59,Hard,MCTS,O,52,43.14,XO XO  O X O XO  XO XO X  XO XOXXOO  XO  OXXOOXO OXXOO O XOXXO X   XO  XXO XOX  O
2025-04-19,18:09:00,Random,Medium,O,40,0.74, OOXXOXOOOXO X XX X  X  XX OOO       OO  XX   X XOOXO OOO        OXOX    X   X   
2025-04-19,18:10:01,Hard,MCTS,O,42,61.62,XX    OOOOOX X XO  OXXO  O O  OXOO X X OOO   X  X  X  XXOXX O  XXX       O XO  O 
2025-04-19,18:10:34,Hard,Easy,X,37,32.72,XOOOOXXXXXOXX  X  XOXOOX  XXOXOX   XOX X     OO       OO       O        OO       
2025-04-19,18:10:36,Medium,Medium,X,51,2.13,XOOOOO   XOXXO  O XOXOOX  XXXOOXXXOOXXX      X OX OX     OOO   X  X  XO OOXOX XOX
2025-04-19,18:11:23,Hard,Hard,X,53,46.33,XOOOOO   XOXXO  O XOXOOX XXXXOOXXXOOXXX      X OX OX     OOO   OOXXOOXX OX OX  X 
2025-04-19,18:11:47,Hard,Medium,X,51,23.96,XOOOOO   XOXXO  O XOXOOXOXXXXOO XXOOXXX      X OX OX     OOO   O  X  XXOX  XXXOO 
2025-04-19,18:12:10,Medium,Hard,Draw,50,22.96,XOOOOO   XOXXO  O XOXOOX  XXXOOXXXOOXXX      X OX OX     OOO   X  X  X  OOXOOXXO 
2025-04-19,18:12:40,MCTS,Hard,X,41,30.4,OOOOXX XOXXO X  OXX  OOOX  XXX      OOX X X  O X  X  X   OOO   X   O X  OO     OX
2025-04-19,18:12:40,Easy,Easy,X,35,0.08,XOOOOO   XOXX  X  XOXOOO   XOXOX X  XXOXO X  XXX      OOO                        
2025-04-19,18:13:22,Hard,MCTS,O,48,42.0,X O O O  XX  XOOXO X OOO     XOX OOOXOXXXOOOO XOXOXO   X  X  X   OXO OX   XXXX   
2025-04-19,18:13:44,Hard,Random,X,41,21.65,XXX  OOO OOX    OO  OXXX  OO  OXXO    OOO O  X OX  X O X XX  O XXX       X  XO X 
2025-04-19,18:13:45,Medium,Random,X,47,1.73,XXOXO O  O OXXO   OXX  XOOX OOXO O OX  XOXXO O X OX  XX  XXO  X X O   X O X  OO  
2025-04-19,18:13:56,Random,Hard,O,36,10.72,  X XXXX  XXOOO   OOO XX X OX    XX   OXXO  OO O X  X O  O      O OOO     X      
2025-04-19,18:14:17,Random,MCTS,O,42,21.05,OXX XXX XOXXO  O X O    XO O  O XX  OX XO  XO  O XO    O XO OX XO  O  O OX     XO
2025-04-19,18:14:41,Random,MCTS,O,48,24.09,OXXXOXX OO  O XO    O OXO XOXOOXXX XXX X XXO OOOX     X  OOO X XX OOX      OOO   
2025-04-19,18:15:01,MCTS,Medium,O,36,19.36,  X  X  X XO X  X  O  OOXX      O XXXO  OX  XOX XXO XX   OOO   OOO         OOO   
2025-04-19,18:15:03,Medium,Medium,X,51,2.21,XOOOOO   XOXXO  O XOXOOX  XXXOOXXXOOXXX      X OX OX     OOO   X  X  XO OOXOX XOX
2025-04-19,18:15:24,MCTS,Medium,X,37,21.08, OX  X  XXXX  X X OOOX X   OOO      XXXO  XO OOO      O   O  X OO    OX XO X  X  
2025-04-19,18:15:49,Medium,MCTS,O,50,25.45,X O O O  OXOXXOOOXXOXOOO    O XO  OOXXX O   OXXX    OO X X  OOOXX  XX  O  XXOXXX 
2025-04-19,18:16:20,Hard,Random,X,43,30.94,XX OOOO   XOOOX  OO XO X  XXO XO X  XXX      X  XOOX OX O O OX  O      O X   XXXO
2025-04-19,18:16:49,Easy,Hard,O,26,28.95,XOOOOO   XOXXO  O XOXOOO   XXO      XXX      X                 X                 
2025-04-19,18:17:35,Hard,MCTS,O,46,45.53,X O  O OOX  XX OOO X OOO     OXXO XOO XOOXXXOX   X O X  X O  O XXOOX    X XX  X O
2025-04-19,18:18:08,Hard,Easy,X,37,32.76,XOOOOXXXXXOXX  X  XOXOOX  XXOXOX   XOX X     OO       OO       O        OO       
2025-04-19,18:18:31,Medium,Hard,Draw,50,23.09,XOOOOO   XOXXO  O XOXOOX  XXXOOXXXOOXXX      X OX OX     OOO   X  X  X  OOXOOXXO 
2025-04-19,18:18:54,Medium,Hard,Draw,50,23.39,XOOOOO   XOXXO  O XOXOOX  XXXOOXXXOOXXX      X OX OX     OOO   X  X  X  OOXOOXXO 
2025-04-19,18:19:34,MCTS,Hard,X,51,40.26,  XXXX XOOX  X XXOOOX X X  O  OXXXOOO OOXOX O O XO XO   OOOO   OO XX  OXOX X X X 
2025-04-19,18:38:12,Medium,MCTS,X,47,24.05,X OXO X OOXXOXO  O X    OOOXX OXO OOXXXOXO OOOOXX X    OX O  O    XXX   X  X  X  
2025-04-19,18:38:14,Medium,Medium,X,51,2.21,XOOOOO   XOXXO  O XOXOOX  XXXOOXXXOOXXX      X OX OX     OOO   X  X  XO OOXOX XOX
2025-04-19,18:38:16,Medium,Medium,X,51,2.19,XOOOOO   XOXXO  O XOXOOX  XXXOOXXXOOXXX      X OX OX     OOO   X  X  XO OOXOX XOX
2025-04-19,18:38:19,Medium,Medium,X,51,2.21,XOOOOO   XOXXO  O XOXOOX  XXXOOXXXOOXXX      X OX OX     OOO   X  X  XO OOXOX XOX
2025-04-19,18:38:43,Hard,Medium,X,51,24.08,XOOOOO   XOXXO  O XOXOOXOXXXXOO XXOOXXX      X OX OX     OOO   O  X  XXOX  XXXOO 
2025-04-19,18:39:04,MCTS,Random,X,41,21.07,O  X XOO X  X  X   O  O XXXXOOXOO   XXXO  X   O  O O X  OXXXO O  XO    X O  OX O 
2025-04-19,18:39:06,Medium,Medium,X,51,2.23,XOOOOO   XOXXO  O XOXOOX  XXXOOXXXOOXXX      X OX OX     OOO   X  X  XO OOXOX XOX
2025-04-19,18:39:07,Medium,Random,X,45,1.1,XOXXXOO OX  OOO   O OXXXO  O XO  O  OX  XOOXOXOO XX OXX  XXX    X O      XX O    
2025-04-19,18:39:31,Hard,Medium,X,51,24.1,XOOOOO   XOXXO  O XOXOOXOXXXXOO XXOOXXX      X OX OX     OOO   O  X  XXOX  XXXOO 
2025-04-19,18:39:54,Random,MCTS,O,46,23.05,OX  X O X XOOOO   XXXOOXXXO  XOX XX OOO X      XXXO XXX  OOOX    O OOO   XO O    
2025-04-19,18:40:23,Easy,Hard,O,26,29.06,XOOOOO   XOXXO  O XOXOOO   XXO      XXX      X                 X                 
2025-04-19,18:40:44,Random,MCTS,O,42,21.05,OOOX   XXX XO  X    XOOO X   OX O  OX X  XX X O XO X    O O OX XO     OOOXX OX  O
2025-04-19,18:40:58,Random,MCTS,O,28,14.04,O XO  OX OX  O   OXOX O  O X O    O  X   X     X   O     X OX   XOX      X       
2025-04-19,18:40:59,Easy,Easy,X,35,0.09,XOOOOO   XOXX  X  XOXOOO   XOXOX X  XXOXO X  XXX      OOO                        
2025-04-19,18:40:59,Easy,Easy,X,35,0.08,XOOOOO   XOXX  X  XOXOOO   XOXOX X  XXOXO X  XXX      OOO                        
2025-04-19,18:41:36,MCTS,MCTS,X,37,37.13,       O   X OOXOO   OOO    X OX XX   XXXX  O  X X X O O   O OOXXX    OO  O   XXX
2025-04-19,18:41:36,Easy,Easy,X,35,0.08,XOOOOO   XOXX  X  XOXOOO   XOXOX X  XXOXO X  XXX      OOO                        
2025-04-19,18:41:36,Easy,Easy,X,35,0.08,XOOOOO   XOXX  X  XOXOOO   XOXOX X  XXOXO X  XXX      OOO                        
2025-04-19,18:42:25,Hard,MCTS,X,35,49.24,XO  O  O X  XOOX     OOO     XXOXOO   X OX  XOXXO XO  X  X O    X  X  X    O     
2025-04-19,18:42:35,MCTS,Easy,X,19,10.1,XOO X   XX  XX   X   XXX   O        OOO      O                          OO       
2025-04-19,18:42:53,Random,MCTS,O,36,18.06, XXXX  XOO  XX OOOO  O   XOO X O   OOOO X   X          X     X OX  O   OX XX  OX 
2025-04-19,18:43:22,Easy,Hard,O,26,28.95,XOOOOO   XOXXO  O XOXOOO   XXO      XXX      X                 X                 
2025-04-19,18:44:11,MCTS,Hard,X,45,49.03, XX  X  XOOO XXXXOXO OXX  XX  XO X  O  OX O  OOO      X OOX  OX OX  X OXOOO    OX
2025-04-19,18:44:11,Random,Easy,X,29,0.02, X XXX   OXOXXXX XX   X  XXOO      XOOO      OO       O        O        OOO      
2025-04-19,18:44:11,Random,Random,O,62,0.0,X OO OXOOXXO  O OOXXOXOXOXX XO XO XXXOXOO  XOOXXOOXXO  OOOXX O X  XX O XOXOXOOX X
2025-04-19,18:44:58,Hard,Hard,X,53,46.74,XOOOOO   XOXXO  O XOXOOX XXXXOOXXXOOXXX      X OX OX     OOO   OOXXOOXX OX OX  X 
2025-04-19,18:44:58,Easy,Easy,X,35,0.08,XOOOOO   XOXX  X  XOXOOO   XOXOX X  XXOXO X  XXX      OOO                        
2025-04-19,18:44:58,Random,Random,X,49,0.0,OX  X OOOXOOOX  OXXXX       OOXOOXX   O  O OOO XXXX    X  X OX X OXO OX XXXO O OX
2025-04-19,18:45:47,MCTS,MCTS,X,49,49.14,OOO   X  XXOOXO XX   XXX  XOOO  X   XX OX  XO O XO  XOXXO X OXOOO   O  XOOOX X OX
2025-04-19,18:46:20,Hard,Easy,X,37,32.56,XOOOOXXXXXOXX  X  XOXOOX  XXOXOX   XOX X     OO       OO       O        OO       
2025-04-19,18:46:43,Medium,MCTS,X,45,23.3,X O O O  O X O   OXO X  XOO  XOXOXOOXXX   O OOOXXOXO XOX XO   O   XXX   XXX      
2025-04-19,18:47:07,Hard,Medium,X,51,23.51,XOOOOO   XOXXO  O XOXOOXOXXXXOO XXOOXXX      X OX OX     OOO   O  X  XXOX  XXXOO 
2025-04-19,18:47:07,Easy,Easy,X,35,0.08,XOOOOO   XOXX  X  XOXOOO   XOXOX X  XXOXO X  XXX      OOO                        
2025-04-19,18:47:08,Medium,Random,X,35,0.92,XO   O  OX XO  OOO O  OXX O XO   O    OX  O   X    OO  OXXXX    X  X  X XXX      
2025-04-19,18:47:09,Easy,Medium,O,26,1.04,XOOOOO   XOXXO  O XOXOOO   XXO      XXX      X                 X                 
2025-04-19,18:47:10,Medium,Easy,X,37,1.71,XOOOOXXXXXOXX  X  XOXOOX  XXOXOX   XOX X     OO       OO       O        OO       
2025-04-19,18:47:58,Hard,Hard,X,53,47.38,XOOOOO   XOXXO  O XOXOOX XXXXOOXXXOOXXX      X OX OX     OOO   OOXXOOXX OX OX  X 
2025-04-19,18:47:59,Medium,Random,X,39,1.21,XXOOXX XO  OOOO O OXX O O OXXXO     O XXXX  O XO        XO      XO O    XXX      
2025-04-19,18:48:00,Easy,Medium,O,26,1.09,XOOOOO   XOXXO  O XOXOOO   XXO      XXX      X                 X                 
2025-04-19,18:48:00,Easy,Random,O,36,0.03,XOOOO O OXOXOOO  OXXOO OO OXXX O    XXX      X        XXX     O         XXX      
2025-04-19,18:48:33,MCTS,Hard,X,47,32.87,  OXXXO   XOOX  X O X OXXOXOX OXX XXXO OXXOOXO   O   OXO OX     O XO X    XOOO   
2025-04-19,18:48:34,Medium,Random,X,39,0.76,X  OO O O  OO  OO    OOX XO  XXXOOXO XOXX  O    XO    XXX      XXXO    OXXX      
2025-04-19,18:48:46,Easy,MCTS,O,24,12.15,XO  OO O XOX O  O XXO O O  X        XXO      X        X  O     XX                
2025-04-19,18:48:46,Random,Easy,O,42,0.03,XX X  X  OOO X    OO XXX X OOXOX  XXOOO X   XO        O  X    XOXOO  OXXOOXO  O  
2025-04-19,18:48:48,Medium,Medium,X,51,2.22,XOOOOO   XOXXO  O XOXOOX  XXXOOXXXOOXXX      X OX OX     OOO   X  X  XO OOXOX XOX
2025-04-19,18:49:04,Random,Hard,O,42,15.78,XO  O XO  XO XX X   XOX  X X OX O XOO  OX O X O XOOXO  O X XOX O  O  O   O X   X 
2025-04-19,18:49:04,Easy,Easy,X,35,0.08,XOOOOO   XOXX  X  XOXOOO   XOXOX X  XXOXO X  XXX      OOO                        
2025-04-19,18:49:04,Random,Random,X,67,0.0,O  OX O OOOXOOXOXO XXXOXOOXXOXOOX XXXOOXXXOXOOXOXOXXOOX XXXX XO   OXOOOOXXO XO X 
2025-04-19,18:49:24,Random,MCTS,O,40,20.05,X O X   XX  X XX XX   X   O O XOXO  OO XOX X  O O  XO O  OX O   OX O XOX      OOO
2025-04-19,18:49:49,Hard,Medium,X,51,25.43,XOOOOO   XOXXO  O XOXOOXOXXXXOO XXOOXXX      X OX OX     OOO   O  X  XXOX  XXXOO 
2025-04-19,18:50:13,Hard,Medium,X,51,23.98,XOOOOO   XOXXO  O XOXOOXOXXXXOO XXOOXXX      X OX OX     OOO   O  X  XXOX  XXXOO 
2025-04-19,18:50:31,Random,MCTS,O,36,18.05,       XO   XXX X  X  XX X  O  O  O OOO O   XOOO X      X   O  XOOX OXOX  O X  XO
2025-04-19,18:50:56,Medium,Hard,Draw,50,24.31,XOOOOO   XOXXO  O XOXOOX  XXXOOXXXOOXXX      X OX OX     OOO   X  X  X  OOXOOXXO 
2025-04-19,18:51:06,MCTS,Easy,X,19,10.11,O  XXX      XXX   X  X  X  OOO      XOO      OO       O                          
2025-04-19,18:51:22,Random,Hard,O,36,15.66,  XO  XX     XXOX O  OX OX   X X  X  XOOOXO   OX O    OOO X  XXOOO   X       O   
2025-04-19,18:51:52,Easy,Hard,O,26,30.42,XOOOOO   XOXXO  O XOXOOO   XXO      XXX      X                 X                 
2025-04-19,18:51:52,Random,Easy,O,46,0.04,X  X  X  OOXX X XXOOXO  OXXOOO   X  XXOOOOX  OX      XOOOXX    OOX X   XOXOO  O  
2025-04-19,18:51:52,Random,Random,O,52,0.0,X OXOXXOXOOO  O X OXX  O  X X OX O XXX X OX OO X XXXX OX OOOX  XOO O O  O  O OOXX
2025-04-19,18:51:54,Medium,Easy,X,37,1.69,XOOOOXXXXXOXX  X  XOXOOX  XXOXOX   XOX X     OO       OO       O        OO       
2025-04-19,18:52:16,MCTS,Medium,X,41,21.96,XO OXO  X   O  XXX X  X  X O  XOO XXX O XOO XX XXOXO   O  XX     OOOO   OOO      
2025-04-19,18:53:02,Hard,MCTS,O,40,46.78,X  O  OOO   OOO     OXOOO  X XOX OXO O XXOOX XXX      XXX      X  XO OO  X  X  X 
2025-04-19,18:53:02,Random,Random,X,49,0.0,O XXXO X X OOO   O   X  OOO O  X XOOOXO X OOO XOX  O  XXX   O  OXXOO XXXO   XXXXX
2025-04-19,18:53:03,Easy,Random,X,37,0.03,X O OOOO XOO OO  OXXXO OO  X      O XXX      XXX      XXX OO O XXX      X    O   
2025-04-19,18:53:27,Medium,Hard,Draw,50,24.02,XOOOOO   XOXXO  O XOXOOX  XXXOOXXXOOXXX      X OX OX     OOO   X  X  X  OOXOOXXO 
2025-04-19,18:54:03,MCTS,MCTS,O,36,36.14,X O X O X  O O      X  X  X   OOOX XX O O O  X XOOOX O X  X  X O        O  XXXO O
2025-04-19,18:54:03,Random,Random,O,60,0.0, X XXOXXOX OOX OX OOXOOX XOOXXOX XOOX X  XOOO O  XXO OOXO O XXOOOXOO   O  XXXOXXX
2025-04-19,18:54:03,Random,Easy,X,49,0.02,   XXXX XOXX   XXXOOO      OOXXO  O OOXOOXXXXOOO      OOOXX    OOO      OOXXOXXXX
2025-04-19,18:54:25,MCTS,Medium,X,41,22.18,   XXX X   X   XXXXOXOX O XXO XXO  XOOO      O  O XO  O  OX   XOOO    X   OO  XOO
2025-04-19,18:54:40,Random,MCTS,O,30,15.07,X X X  O    X     O X O X O      OOOO   OXX O  O   X  OOOX        X  X  O  XX   X
2025-04-19,18:54:40,Random,Easy,X,31,0.02,O XXX X  X  XX XX OO XXX X OOO   X  OOO      O  X     OOO      OOX               
2025-04-19,18:54:40,Random,Easy,O,44,0.03, XX  XX XOXOOXXXOOO  X XXXXO   XX  XOOO  X  XOOO      OOO      OOO X  XXOOO      
2025-04-19,18:55:00,Medium,MCTS,X,37,19.78,X     OOO OXX X O   OX O  O   OXO OO     X OOO OXXOX     XXX  OXXX      XXX      
2025-04-19,18:55:22,MCTS,Medium,X,41,22.09,XO X  X  OX  O XXOO XO X OOO OXXX   OX OXXO     OOO   X   X OOXX OX      OX  X   
2025-04-19,18:55:32,MCTS,Easy,X,19,10.08,O X X X  OXO X  X XO X  X  O        OO                OO       X                 
2025-04-19,18:55:57,MCTS,Medium,X,45,24.67,XO  O  OX OOXXX    X OXOOX OOX  OO X  XOX X  O  X  X XX  XOOXOX X  X OOX  O O O  
2025-04-19,18:56:31,Hard,Easy,X,37,34.05,XOOOOXXXXXOXX  X  XOXOOX  XXOXOX   XOX X     OO       OO       O        OO       
2025-04-19,18:56:31,Random,Easy,O,32,0.03,OX XXXXX XO XXX X  X    XX OOO      OOO      OOO      OO   X   OOO       X       
2025-04-19,18:57:19,Hard,Hard,X,53,48.23,XOOOOO   XOXXO  O XOXOOX XXXXOOXXXOOXXX      X OX OX     OOO   OOXXOOXX OX OX  X 
2025-04-19,18:57:21,Medium,Medium,X,51,2.32,XOOOOO   XOXXO  O XOXOOX  XXXOOXXXOOXXX      X OX OX     OOO   X  X  XO OOXOX XOX
2025-04-19,18:57:44,Medium,MCTS,O,44,23.12,X O OO  O OXXO  O OX XOO  OOO OXXO  X  XOXX OXXX    OOO  OX  X XXX    O X  X  X  
2025-04-19,19:00:14,Easy,Easy,X,35,0.09,XOOOOO   XOXX  X  XOXOOO   XOXOX X  XXOXO X  XXX      OOO                        
2025-04-19,19:00:40,MCTS,Medium,O,48,25.74, X  X  X  O   XXXX    XOXX OX O XO  OXOXOXX OXOXXOOOX OOOXOX  OOOO         OOOX X
2025-04-19,19:00:40,Easy,Random,X,39,0.03,X OOO O  XOOO OOOOXXX OOOO XX   O   XXO  O   XXX      XXX      XX      OXXX      
2025-04-19,19:01:31,Hard,MCTS,X,39,50.81,X     OOO     O XOO  OXOO  X OXO XO   XOXOX  XXX      XO XO  O  XX  O XO  XX  X  
2025-04-19,19:02:03,Hard,Easy,X,37,32.21,XOOOOXXXXXOXX  X  XOXOOX  XXOXOX   XOX X     OO       OO       O        OO       
2025-04-19,19:02:49,Hard,Hard,X,53,45.65,XOOOOO   XOXXO  O XOXOOX XXXXOOXXXOOXXX      X OX OX     OOO   OOXXOOXX OX OX  X 
2025-04-19,19:03:41,MCTS,MCTS,O,52,52.12,  O O O   OXXX OO XOXO OXX XOOXX  O    OOO XX   X OXXXXXO XXOXXXXXO OOO  XO O O O
2025-04-19,19:03:57,MCTS,Random,X,31,16.09,      XXXO        O O O O    X  X  XO X   O O    XOXOOO X  X  X XO        XOXOX  
2025-04-19,19:04:20,Medium,Hard,Draw,50,23.09,XOOOOO   XOXXO  O XOXOOX  XXXOOXXXOOXXX      X OX OX     OOO   X  X  X  OOXOOXXO 
2025-04-19,19:04:48,Easy,Hard,O,26,28.48,XOOOOO   XOXXO  O XOXOOO   XXO      XXX      X                 X                 
2025-04-19,19:05:20,Hard,Easy,X,37,31.72,XOOOOXXXXXOXX  X  XOXOOX  XXOXOX   XOX X     OO       OO       O        OO       
2025-04-19,19:05:33,Easy,MCTS,O,26,13.17,X     OOOX OO O  OX  OOO   XXX  O    O       XXX      X        X        XX O     
2025-04-19,19:05:40,Random,Hard,O,30,6.71, X  XXXO O X   X XOOO XXX  X   X    OOO        XO O X OOO         O  X   O       
2025-04-19,19:05:41,Random,Medium,O,46,0.82,OX X XXX O  X X O O  OOOX XOO XXX XXX  O  X XOXXOOOX   OXOOOX    OO X     O O O  
2025-04-19,19:06:09,Easy,Hard,O,26,28.59,XOOOOO   XOXXO  O XOXOOO   XXO      XXX      X                 X                 
2025-04-19,19:06:28,MCTS,Medium,X,35,18.88,  X  X  XO  XXX   O  XXXX      X  XO  OOO OXXOOO      OX  X  X   O O O  O  O  O X
2025-04-19,19:06:39,Random,Hard,O,34,10.32,X O XX  XX OXX  X OX O X XX OXXO  O OOOX     OOO               O XO X   OO       
2025-04-19,19:07:03,Medium,MCTS,O,46,24.84,XO XO  O X  X  XOOO XOXXX   OX XOOOOOOO X    X OXO O  OXO  XXOXXXX       X  O O X
2025-04-19,19:07:06,Medium,Medium,X,51,2.17,XOOOOO   XOXXO  O XOXOOX  XXXOOXXXOOXXX      X OX OX     OOO   X  X  XO OOXOX XOX
2025-04-19,19:07:37,Hard,Easy,X,37,31.33,XOOOOXXXXXOXX  X  XOXOOX  XXOXOX   XOX X     OO       OO       O        OO       
2025-04-19,19:08:16,MCTS,Hard,X,43,39.02,OX  X  X O X XX OXOOO  XX X O XO XO X OX  X  OOXO OX O   OOO    OX  X  X  O XX  O
2025-04-19,19:09:12,Hard,MCTS,O,44,56.46,X O O O   XXOXOOOO   OOO   OXXXO  OO XXOOO   XXX      X  X   OOX  X  X XO  XX XOX
2025-04-19,19:09:40,Easy,Hard,O,26,27.6,XOOOOO   XOXXO  O XOXOOO   XXO      XXX      X                 X                 
2025-04-19,19:10:05,MCTS,Medium,X,43,25.11, X  X  X OXO XO  O OX XOOOOOOXXXOXO OOO      X  OXXO  X   X   XX  OX   X    XXOO 
2025-04-19,19:10:33,Easy,Hard,O,26,27.91,XOOOOO   XOXXO  O XOXOOO   XXO      XXX      X                 X                 
2025-04-19,19:10:44,Easy,MCTS,O,22,11.14,X O  O  OX  OOO   XXO O O  X        XX       XX                XO     O X        
2025-04-19,19:10:44,Easy,Easy,X,35,0.07,XOOOOO   XOXX  X  XOXOOO   XOXOX X  XXOXO X  XXX      OOO                        
2025-04-19,19:11:15,Hard,Easy,X,37,31.27,XOOOOXXXXXOXX  X  XOXOOX  XXOXOX   XOX X     OO       OO       O        OO       
2025-04-19,19:11:31,MCTS,Medium,O,30,15.83, O XOX  XX  X  X     XXX   OOO      OX OX O  OOO  X       O XXX      O       OO  
2025-04-19,19:11:50,MCTS,Random,X,37,19.07,  O    OX O X  OXOXXX     OOXXO  X    OO      OX  X OX  OXX   OX OO  X O X  XO X 
2025-04-19,19:11:52,Medium,Easy,X,37,1.71,XOOOOXXXXXOXX  X  XOXOOX  XXOXOX   XOX X     OO       OO       O        OO       
2025-04-19,19:12:13,Medium,MCTS,O,38,21.0,X O  O  OO  XO   OXX X XOOO O OOX O XXX    O XXO  O   O  XO    X  XO X  XXX      
2025-04-19,19:12:13,Random,Random,Draw,67,0.0,XOOOX OOXXXOOOO XOXX OXXXOXO XXXXOX OO  OO XOOXOOX OO XXOOOXXOXX X X X OOXOOXXXXO
2025-04-19,19:13:06,Hard,MCTS,O,48,53.05,X  XXXO OXOXXO X  O X OXO O O  O  O OXX O   OO O O XXOXOXXO OX X O X XOO X  X  X 
2025-04-19,19:13:28,Hard,Medium,X,51,21.5,XOOOOO   XOXXO  O XOXOOXOXXXXOO XXOOXXX      X OX OX     OOO   O  X  XXOX  XXXOO 
2025-04-19,19:13:50,Medium,Hard,Draw,50,22.27,XOOOOO   XOXXO  O XOXOOX  XXXOOXXXOOXXX      X OX OX     OOO   X  X  X  OOXOOXXO 
2025-04-19,19:13:50,Easy,Random,X,37,0.03,X OOO O  XXO O OO XXX      XXX      XXX      XOOOO  O XXX    O XXXO O    O O     
2025-04-19,19:14:36,Hard,Hard,X,53,45.64,XOOOOO   XOXXO  O XOXOOX XXXXOOXXXOOXXX      X OX OX     OOO   OOXXOOXX OX OX  X 
2025-04-19,19:14:36,Easy,Easy,X,35,0.07,XOOOOO   XOXX  X  XOXOOO   XOXOX X  XXOXO X  XXX      OOO                        
2025-04-19,19:14:36,Easy,Random,X,51,0.05,XO OOO   XXOX O  OXXOOX  OXXXX    O XXOOXOO OXXX  O   XXXO  O  OOXX O  OXXOX  X O
2025-04-19,19:15:13,Hard,MCTS,O,46,37.14,XO XOXX   XOOOO X OOOOXX     XX  OOOXXO O O  XXO XO OOOXX  X  OO XX       X X X  
2025-04-19,19:15:24,MCTS,Easy,X,21,11.15,  X X X  XOOX     OOO      O        O X  X  XO        O                 OX  X  X 
2025-04-19,19:15:43,MCTS,Random,X,37,19.09, X OX  X X   X  O OO    O    X X X  OOXOOXO OO   XOO O  X  X OX  X XX O O   X X  
2025-04-19,19:16:11,Easy,Hard,O,26,28.08,XOOOOO   XOXXO  O XOXOOO   XXO      XXX      X                 X                 
2025-04-19,19:16:21,MCTS,Easy,X,19,10.07,      XXX X  X  X O X  X  X         O        O        O X      OOO      OO       
2025-04-19,19:16:54,Hard,Easy,X,37,32.73,XOOOOXXXXXOXX  X  XOXOOX  XXOXOX   XOX X     OO       OO       O        OO       
2025-04-19,19:16:54,Easy,Easy,X,35,0.08,XOOOOO   XOXX  X  XOXOOO   XOXOX X  XXOXO X  XXX      OOO                        
2025-04-19,19:17:06,Easy,MCTS,O,24,12.1,X     OOO   OO OOO  O O O  X        XXX               XXX O    XX       XX       
2025-04-19,19:17:06,Easy,Random,X,31,0.04,X   O OOOOXO  OO OXO     OO         X    O   XXX  O   XXX    O XXX      XXX      
2025-04-19,19:17:40,MCTS,MCTS,O,34,34.14,   OX XX   X   X  O  XO XXO  O  XX XOOO XXX  XOO X   X   OOO       OO   O  O     
2025-04-19,19:17:41,Random,Medium,O,40,0.51,XX XO  XXOOXO X XXOXO X  XXOOX   X     XOXX   XOO      X OOO   OOO      OOO      
2025-04-19,19:17:41,Random,Random,Draw,64,0.0,X OOOOOXXX XOOOOXX  X XXXOOOO XXXX X O OXXOOO  OOOOXX XXOXXOO O   OO XXXXXOOXXXOO
2025-04-19,19:18:03,Hard,Medium,X,51,22.43,XOOOOO   XOXXO  O XOXOOXOXXXXOO XXOOXXX      X OX OX     OOO   O  X  XXOX  XXXOO 
2025-04-19,19:18:04,Medium,Random,X,47,1.2,X XO  OOO  OXXXO  OXOXOXO  XOXOXO OOO  XOXO O  OOXO  O  XXXX   X  X  X  XXX      
2025-04-19,19:18:25,MCTS,Medium,X,39,20.6, X OXX X   X  X  XX OX XX  OOOX    X O X  X OOOO        O X OXX   O  O OOO  O OXX
2025-04-19,19:18:33,Random,Hard,O,38,8.23,XOO  OXXOX  OXXXX    XXX   OOOXX X   X OOO X    O OXX OOO      OOO        X      
2025-04-19,19:19:05,Hard,Random,X,41,31.37,XO XO X   XXXO OO OO O  OOXOOXOX X  XXX O         X OOXXX OOO    XX  X      OX   
2025-04-19,19:19:29,Random,MCTS,O,48,24.04,OO OX O  O  O OOX    OOO X   XXX XO X O   XXOXXX   X XOXO  OXOOXX O OXO X XXOO  X
2025-04-19,19:19:53,Medium,MCTS,O,46,24.6,X  OOO    O XOO O  XO OXOXXXX OOO   XXX      OXX  XXOO   XO  XO   XOOXOXOX   X XO
2025-04-19,19:20:04,Hard,Random,X,39,10.57,XO X OXO X  OX OOOO OXX   OXXX   O O OOO OO  XX        X OX  XO XX        X X X  
2025-04-19,19:20:17,Hard,Random,X,51,13.1,X OOOO O  OOXXXO  XXO O O  XX OXXOOOXO XOOXX  XXOOXO O  XXXX   XO XOOX   XX      
2025-04-19,19:20:32,Easy,MCTS,O,30,15.13,XO  O  O XXOXO O  XOX O  O X  O O   XOXXOO   XX       X        XX         O      
2025-04-19,19:20:55,Medium,Hard,Draw,50,22.59,XOOOOO   XOXXO  O XOXOOX  XXXOOXXXOOXXX      X OX OX     OOO   X  X  X  OOXOOXXO 
2025-04-19,19:20:55,Easy,Easy,X,35,0.08,XOOOOO   XOXX  X  XOXOOO   XOXOX X  XXOXO X  XXX      OOO                        
2025-04-19,19:20:56,Random,Medium,O,42,1.56, X    XXXO XOOXXXOXXOXO  XX XO O OX XX X X    O OO    OOO  X   OOO      OOOX     
2025-04-19,19:21:10,Random,Hard,O,44,13.91,OOOX X    XOX  XXOXOXOX  X OOO   XX XX  OOX  O X  XOX   O OO XO O OOO   X   X   X
2025-04-19,19:21:51,MCTS,MCTS,X,41,41.1,X  XO X    O O X    XOOO  X XO X  X   X X XO     O  XO OX OXOXX  XO XOO XXOOO O  
2025-04-19,19:22:12,Medium,MCTS,O,40,21.01,X  OOO   X  X OOOO      OOOOXOOX   OX     OOOXXX  O   OXXXO X    XXX X     XXX   
2025-04-19,19:22:32,MCTS,Random,X,39,20.08,XXXO   X  O  X O XO XO    X  X  X  XO    OXX    OOXO X X  X  XOOOO  X     OO OOOX
2025-04-19,19:22:55,Medium,Hard,Draw,50,22.8,XOOOOO   XOXXO  O XOXOOX  XXXOOXXXOOXXX      X OX OX     OOO   X  X  X  OOXOOXXO 
2025-04-19,19:23:07,Hard,Random,X,43,11.43,XXOXX OXOOOX O  XOOXOXXOOX O O   O  XXX OO     X  XOO XXX       OO OX     XX     
2025-04-19,19:23:21,MCTS,Easy,X,27,14.12,      XXXOOX  X XX   XXX   OX       O        OO       OX     XXOOO      OOO      
2025-04-19,19:23:44,Hard,Medium,X,51,22.8,XOOOOO   XOXXO  O XOXOOXOXXXXOO XXOOXXX      X OX OX     OOO   O  X  XXOX  XXXOO 
2025-04-19,19:24:18,Hard,MCTS,O,44,34.07,XXO O O  O O XOX OX O O O    OOXO  OXXX O OXOXX X OX  O XXOOX     X   O   XXXX   
2025-04-19,19:24:42,Medium,MCTS,O,44,23.9,XXO O OO XO  OO OXO XO  O  O  OX O  OXXXXXO OXX  OO XXX  XXX   XX   O      X OO  
2025-04-19,19:24:42,Random,Random,O,54,0.0,O   O  XOX XOXXO   X XX OOX OX   XXXXXO  OXOO OO OX  OO  OXXXXO OOOXXOXXXO OO  OX
2025-04-19,19:24:43,Medium,Random,X,43,1.44,XOX O  O OXOOOXXXX XOXXX OO  O OXXO XXX        OO OXO  O     OOXXX        OX X   
2025-04-19,19:25:04,Medium,MCTS,O,38,20.53,XO XOX O OX  O   O  OOXO  O  XOX X O XO O O  X  X O O   XOO    XXX        XXXX   
2025-04-19,19:25:05,Medium,Random,X,51,1.75,XOX OX  XOX OOOXOXX OXOOX  OXX O XXOXXX      O OXOXO  OX OOOX O X    XO   OXXXO  
2025-04-19,19:25:24,Medium,MCTS,O,34,18.71,X O  O  OO  OXOOX    OOO   XXX        XOOOX  XXX          X  OOX     XOOX   X  X 
2025-04-19,19:26:08,Hard,Hard,X,53,43.6,XOOOOO   XOXXO  O XOXOOX XXXXOOXXXOOXXX      X OX OX     OOO   OOXXOOXX OX OX  X 
2025-04-19,19:26:54,MCTS,Hard,X,45,46.32,  X X X  OOXXOXOXXOOX OX O  OXOX X   X  X  X OOO      OXOOX  XO O  OX O X XOX   O
2025-04-19,19:27:04,Hard,Random,X,53,10.18,XXXO O    OOOXXOO  XO OXOXOXXO X OXO OOX OOOX XX O OXOO XXXX    X OXOX    XXX  O 
2025-04-19,19:27:48,Hard,MCTS,X,39,44.06,X  XOOXO       OOO O  O  O   OXO O O XXXXOXO X  X  X   X OOOX  XXX      O X X X  
2025-04-19,19:28:32,Hard,Hard,X,53,43.95,XOOOOO   XOXXO  O XOXOOX XXXXOOXXXOOXXX      X OX OX     OOO   OOXXOOXX OX OX  X 
2025-04-19,19:28:32,Random,Easy,O,30,0.01,     XXXXOXXX  XXXO    X X O        O       XOO  X X  OOO      OOO      OOO      
2025-04-19,19:28:44,MCTS,Easy,X,23,12.16,O X X X  OXO X  X O  XXX   O        OOO      XXO      O       X         O        
2025-04-19,19:29:05,Hard,Random,X,41,20.25,X XOOO O O OOOX O OX    OO XX    O OXXX OOO     XXO OX   XXX   XXX       X  X OX 
2025-04-19,19:29:05,Random,Easy,O,42,0.02, XX XX X OXXOOXXXOOOXOXXX   XX    X OOO  X  XOOO      OOO      OOO      OO   X  X
2025-04-19,19:29:15,MCTS,Easy,X,19,10.12, X  X  X OX  X  X O X  X  X         OO     X O                 OOO      O        
2025-04-19,22:30:45,MCTS,Model,X,45,46.47, XO XO X  O OO XXX X  XOXXOXO   X     X XOXO XXX   O  OXO  OOX OO OOOX O   XXO   
2025-04-19,22:31:38,MCTS,Model,X,49,49.75,  OO OXXXO X OX XXO X XOX O O O XX XX   X  OXXXOX OX   X OOOO  XO X    OOOX OO OX
2025-04-19,22:32:24,Model,Easy,X,33,17.02,XOXX XX  OXXXX  XXOOX  X  XOOOX     OO       OO       O        O       XOOO X    
2025-04-19,22:33:08,Model,Medium,Draw,45,24.77,XXXOOXXO OXOOX O  OXX  X  XOOOX  X   OX OX  XOOO       XO OXO  XX  X   XOOO X    
2025-04-19,22:35:55,Random,Random,O,54,0.0,XOXXXOOXOOXXX  OOOXO   OO OOOO OX XXOXXOOX  OX  X  OOOX  XXX   OX  OX     XOXXO X
2025-04-19,22:35:57,Medium,Model,X,43,2.5,X OX OX   OXOOXOXXX O  O  OXOOOX   XXXX  O O XXX       XOX  O  XO   O  O X XOO   
2025-04-19,22:36:37,Hard,Easy,X,37,39.3,XOOOOXXXXXOXX  X  XOXOOX  XXOXOX   XOX X     OO       OO       O        OO       
2025-04-19,22:36:37,Random,Model,X,45,0.05, XO  O    O OOX  X  X  XXXO  OX  XXX X   OXXX XOO  XXX  OOOOOXXOO    O O   OOOX X
2025-04-19,22:36:37,Easy,Easy,X,35,0.09,XOOOOO   XOXX  X  XOXOOO   XOXOX X  XXOXO X  XXX      OOO                        
2025-04-19,22:36:37,Model,Model,X,57,0.14,  XXXOX  OXOOO   XOOXXXOX OOOOO   OX  O  OOXOX XX XXXOOXOXXOO  OX X OX OXXXXXO  O
2025-04-19,22:36:51,MCTS,Model,X,27,14.11,  O  O    OX   X  X  X  X O O O XX       O   X OX  X   XOO OO          O  X X X  
2025-04-19,22:36:52,Medium,Random,X,45,1.08,XOOOXXOXOO XXOX OXOX XOOXO XOOOX   XXXX O  O OO X       XOO    XXX      X O      
2025-04-19,22:36:52,Random,Model,Draw,61,0.06,XXOOOOXX XOOXOXOXOXXX       O O XXXXXXO XXOX   OOOXO  OOXXXOOXXOO O OO OXXXOOX XO
2025-04-19,22:37:31,Hard,MCTS,Draw,49,38.5,XXO X O X XOX O  OOXX XXXOOXOO XO OX O  OXXO   OX O  OX O O O    X X X  OOXXOX  X
2025-04-19,22:37:31,Easy,Random,X,43,0.06,XO  O  O XXX  O O XOXX OOO X    OO  XXXO   O XXOX  X  XX    OOOXXX      OXX O O O
2025-04-19,22:37:58,Medium,Hard,Draw,50,27.13,XOOOOO   XOXXO  O XOXOOX  XXXOOXXXOOXXX      X OX OX     OOO   X  X  X  OOXOOXXO 
2025-04-19,22:37:59,Easy,Medium,O,26,1.27,XOOOOO   XOXXO  O XOXOOO   XXO      XXX      X                 X                 
2025-04-19,22:37:59,Easy,Easy,X,35,0.1,XOOOOO   XOXX  X  XOXOOO   XOXOX X  XXOXO X  XXX      OOO                        
2025-04-19,22:38:26,Medium,Hard,Draw,50,26.58,XOOOOO   XOXXO  O XOXOOX  XXXOOXXXOOXXX      X OX OX     OOO   X  X  X  OOXOOXXO 
2025-04-19,22:38:26,Easy,Random,X,47,0.04,XO  O  OOX     OOOXXOXO XO XXXO O OOXXXO     XXOXO XOOXOOO     XXOX  X  XXX      
2025-04-19,22:39:19,Hard,Hard,X,53,53.11,XOOOOO   XOXXO  O XOXOOX XXXXOOXXXOOXXX      X OX OX     OOO   OOXXOOXX OX OX  X 
2025-04-19,22:39:40,MCTS,Medium,X,39,21.26, X  X  X OOO   X XOX OXX XXO    X OX  XOOXO X  O O O  X O X   X O  OX   OOOX     
2025-04-19,22:39:43,Medium,Medium,X,51,2.67,XOOOOO   XOXXO  O XOXOOX  XXXOOXXXOOXXX      X OX OX     OOO   X  X  XO OOXOX XOX
2025-04-19,22:39:44,Easy,Medium,O,26,1.28,XOOOOO   XOXXO  O XOXOOO   XXO      XXX      X                 X                 
2025-04-19,22:39:44,Easy,Random,O,32,0.03,XOOOO O OXX OO OOOX  OOOO  XXX      XX       X        XXX      X  O     XX       
2025-04-19,22:39:45,Model,Easy,O,38,0.08,  XXXX   OXOXX  XXOXXO  O XOOOX     OO   X   OOO   X  OO X XX  O       XOOO      
2025-04-19,22:39:47,Medium,Medium,X,51,2.73,XOOOOO   XOXXO  O XOXOOX  XXXOOXXXOOXXX      X OX OX     OOO   X  X  XO OOXOX XOX
2025-04-19,22:39:47,Model,Easy,O,36,0.08,  XXXXX  XXOOX   XOXXO  O XOOO      OOX  X   OOO      OO X  X   X      XOOO      
2025-04-19,22:40:01,Easy,MCTS,O,26,13.14,XO OOO   X  O  OOO      OOOXX       XX     O X        XX       XXX      X   O    
2025-04-19,22:41:05,Hard,MCTS,O,42,64.0,X  X  OOOOXXOOXOO    OOO     XOXOXO OXX O   O X XXOXO X O  O   XXX         XXX   
2025-04-19,22:41:59,Hard,Hard,X,53,54.5,XOOOOO   XOXXO  O XOXOOX XXXXOOXXXOOXXX      X OX OX     OOO   OOXXOOXX OX OX  X 
2025-04-19,22:42:51,Hard,Hard,X,53,51.56,XOOOOO   XOXXO  O XOXOOX XXXXOOXXXOOXXX      X OX OX     OOO   OOXXOOXX OX OX  X 
2025-04-19,22:43:17,MCTS,Hard,X,33,26.75,   XXX         XXX      XXX OXOXXX  OOOXX    O  O X O OOO        OO X      OOO   
2025-04-19,22:43:38,Model,MCTS,O,40,20.11,  XXXXXO OX  XO  OOX    O XO   O  OOOOO  X    OXXO  O   O  OX  XX   X  XX   XX OO
2025-04-19,22:43:38,Model,Easy,X,29,0.06,  XXXXX  XO  X   XOXX  X  XOOOX     OOO      OO       O        X       XOOO      
2025-04-19,22:43:39,Easy,Medium,O,26,1.23,XOOOOO   XOXXO  O XOXOOO   XXO      XXX      X                 X                 
2025-04-19,22:43:39,Model,Model,O,48,0.09,X XOOXXO  OOOX    O O  O  OXXXO XX    XOOOXXOX XX OX  OXOOXOO  OX  X   O  X XO  X
2025-04-19,22:43:39,Easy,Random,X,37,0.04,XO OOOO OXXO O O  XO OO O  XXX      XXXO     XXX  O   XOXX O           OXXX      
2025-04-19,22:43:40,Random,Medium,O,38,0.91,  XOXX  X  O XX   XX XXX     O X X XOOO    XXOOO      O   O XXOO  O  O    OOOO  X
2025-04-19,22:44:06,Hard,Medium,X,51,26.43,XOOOOO   XOXXO  O XOXOOXOXXXXOO XXOOXXX      X OX OX     OOO   O  X  XXOX  XXXOO 
2025-04-19,22:44:06,Model,Random,X,57,0.06,O XXXXX     OXOO  OXO OX  OO XXOOOO O X OOXXX OXXOXXOOX OOXOXO XX X X OXO  XXX OO
2025-04-19,22:44:08,Easy,Medium,O,26,1.25,XOOOOO   XOXXO  O XOXOOO   XXO      XXX      X                 X                 
2025-04-19,22:44:08,Random,Model,O,60,0.07, XO XO XXOOXOX X XO O OX  O XXOX XOO  O XOOOO  XX OXXXOXOXOOO XXOXXOOOXOXO XX X O
2025-04-19,22:44:43,MCTS,MCTS,X,35,35.18,XOX O XO X OX  XXOOOO               XXX O X        X X OX OOOO   X X XO O    O  X
2025-04-19,22:44:44,Random,Medium,O,34,0.64,XXOOOXXXXO  O  XXXXX      XX   X X  O   XO   O       XOOO      O  O  O  OOO      
2025-04-19,22:45:26,Hard,Model,X,35,42.35,X OX OX  OOXXOX  XXXXO O  OOOOOXX  O XO       XOX  O    OX                XX     
2025-04-19,22:45:28,Medium,Easy,X,37,2.13,XOOOOXXXXXOXX  X  XOXOOX  XXOXOX   XOX X     OO       OO       O        OO       
2025-04-19,22:46:24,MCTS,Hard,X,43,56.1, X  X  X OOXX X  X OXOXXX  XO  XX  XOOO X   X  OOO OX OX  X XO O  O  OX   OOOO   
2025-04-19,22:46:48,Medium,MCTS,O,46,24.19,XOOXOOOX X O   OOO XOX O  OX XOXOO OOX O  O  XXX      X OXX X O X  O OX   XXX X  
2025-04-19,22:47:10,MCTS,Model,X,41,21.16,X OX OO  OOOXX      X X X  OXOO  XX X OOXOOOX  XO  X   X  X OX  O XO OXO     X   
2025-04-19,22:47:10,Model,Easy,O,32,0.06,  XXXXX  OXOXX   XOXX  X  XOOOX     OOO  X   OOO      O                XOOO      
2025-04-19,22:47:27,Hard,Random,X,35,17.49,XOX O OO X  OO    O OX   OO  XOXXOO  XX    OOO  O     X  X  X  XXX         XXX   
2025-04-19,22:47:27,Easy,Model,O,32,0.08,X OOOOO  XOOOO O  XXOX O  OXXXO     XX       X        XXX   O          OXX       
2025-04-19,22:47:37,Easy,MCTS,O,20,10.09,X  OOO   O  O  O    O O O  XXX O    XXX      X        XX                         
2025-04-19,22:47:38,Model,Model,Draw,56,0.12,X XX OX  OOO X   X XOXXX  OOOXO  O    O  O OO  OXXXX  OXXXXOOXXOXXXOOOOXXOOXXO OO
2025-04-19,22:47:39,Random,Medium,O,28,1.86,XX  X   XOXOO  OX     XXX   X     X XO OOO   O   X      O X    OOO      O        
2025-04-19,22:47:59,Random,MCTS,O,38,19.05,   OOOXX   O      O XXX X    O O OX X XX XO XXX OOX     OXO OX O O  O  O    O XX 
2025-04-19,22:48:15,MCTS,Model,X,31,16.12, XO X  X OOX O   OO X OO  O X       XXX  O     XO X  X X    O       O  O    O XXX
2025-04-19,22:48:34,Hard,Random,X,51,19.77,XO X OXOOX OOXO OXOX OOO   OXX OO X   XXXXOO XXX       O  O XXXOX XX OXOXOXO  O  
2025-04-19,22:48:35,Model,Random,O,54,0.05,  XXXXX   X OXO OOOXXO O OXO OXO   OO XOOXOX O XXOOX OO  XO XO XXOX X OXOX  XXO  
2025-04-19,22:48:35,Random,Easy,X,39,0.02,XOXXXX X OXOOXX XXOX  XXXX OO XX    OOO      OOO      O       XOOO      OXO      
2025-04-19,22:48:36,Medium,Easy,X,37,1.96,XOOOOXXXXXOXX  X  XOXOOX  XXOXOX   XOX X     OO       OO       O        OO       
2025-04-19,22:48:37,Easy,Random,X,43,0.04,XOO O O  XX O OOOOXXOXOOXO X O    O XOXXO X  XXX      XXX  OO  XXX      X    O O 
2025-04-19,22:49:33,MCTS,Hard,X,37,56.45,XO  X   X  XO X XX  X X X  X   X   X  OOOXO  O  OXOOO X O X  O OO   X X OOO      
2025-04-19,22:49:33,Random,Model,X,49,0.05, XOOOOX  XOOXXX    XOX XXXXXOXO  XX   O  O  OX OOX X XO OOXOO  O    O  OXOX X X O
2025-04-19,22:49:59,MCTS,Model,X,51,26.18, XOOXO X OXOXOXO  X OX  X OXOOOXX  X  OOXOX   XXX OO X XO X OX OO O    OXOXXO X  
2025-04-19,22:50:00,Model,Medium,O,32,0.63,  XXX     XOOXO   OX OX   X XOX OX OOOO      O XO XO     X XO            O  X    
2025-04-19,22:50:48,MCTS,Hard,O,38,48.08,XO  O  OX  XXXX X  OX  X  XOOOX X   XXXO     OOO      O XOXXO   O  O  X O  O  O  
2025-04-19,22:50:50,Medium,Easy,X,37,1.88,XOOOOXXXXXOXX  X  XOXOOX  XXOXOX   XOX X     OO       OO       O        OO       
2025-04-19,22:50:50,Easy,Model,X,43,0.09,X O OOO  XO  O  O XXOX  X OXOXO   O XXOX OO  XXX      XXXO OO  XX   O  OXXX O    
2025-04-19,22:50:50,Random,Easy,O,38,0.04,XXXX XXX OOX  XX XOOO      OXX           X   OXOO  O  OOXO  X  OOO    XXOOO      
2025-04-19,22:50:53,Medium,Medium,X,51,2.42,XOOOOO   XOXXO  O XOXOOX  XXXOOXXXOOXXX      X OX OX     OOO   X  X  XO OOXOX XOX
2025-04-19,22:51:02,MCTS,Easy,X,17,9.12,   XXX         XXXX   X   XO        OO       O        O        O        OO       
2025-04-19,22:51:03,Medium,Random,X,43,1.83,XOX XOXOOX OXOOXO O XXXXO O XOO   OOOX      OX OX     OX     OOXXX      X  X  X  
2025-04-19,22:51:04,Model,Easy,O,38,0.07,  XXXX   OXOXXO  XOXXO  O XOOOX     OOO  X   OOOX     O  X  X   X  X   XOOO      
2025-04-19,22:51:56,Hard,Hard,X,53,52.63,XOOOOO   XOXXO  O XOXOOX XXXXOOXXXOOXXX      X OX OX     OOO   OOXXOOXX OX OX  X 
2025-04-19,22:52:49,Hard,Hard,X,53,52.89,XOOOOO   XOXXO  O XOXOOX XXXXOOXXXOOXXX      X OX OX     OOO   OOXXOOXX OX OX  X 
2025-04-19,22:53:17,MCTS,Medium,X,53,27.8,XO  XOOXXXO OXXX XOX  X  X  X X XXOOOOO       O OXXXXOO XO O OX OOX O XOO OOXOX X
2025-04-19,22:53:19,Medium,Medium,X,51,2.41,XOOOOO   XOXXO  O XOXOOX  XXXOOXXXOOXXX      X OX OX     OOO   X  X  XO OOXOX XOX
2025-04-19,22:53:34,Hard,Random,X,35,14.66,X   X OOX  OX  O    XXOO O OOXOXOX   XOO OO     XXX   XXX  O   X  X     O        
2025-04-19,22:53:35,Medium,Random,X,37,1.34,XXX    OO OOOX  OO X OOO O OX XOOO     XXX OO  XX    O   X     XXX      XXX      
2025-04-19,22:53:35,Model,Random,X,57,0.06, OXX XOO XXOXO XOO XOXOXO XO XXO OOO  XOOXOXX OOXO OO  X XXXXO XX  XO  X OO XX O 
2025-04-19,22:53:35,Model,Easy,O,36,0.09,  XX XX XXO  X   XOXOO XO XOOOX     O X  XX  OOO      OOOX  X          XOOO      
2025-04-19,22:53:46,Easy,MCTS,O,20,10.07,X  OOO   X  OOO     O  O  OXXX      X        XXX                        X  O     
2025-04-20,14:32:55,MCTS,MCTS,X,45,67.82,  O   OXX   O O XOO   XXO O X XXXO OO  O OO  XXO XOXO   XOX X  XXXO O O   XXXX  O
